url,title
https://es.wiktionary.org/w/index.php?curid=384874,aboya
https://es.wiktionary.org/w/index.php?curid=220403,abran
https://es.wiktionary.org/w/index.php?curid=220338,abras
https://es.wiktionary.org/w/index.php?curid=900928,acles
https://es.wiktionary.org/w/index.php?curid=226644,acoja
https://es.wiktionary.org/w/index.php?curid=226613,acojo
https://es.wiktionary.org/w/index.php?curid=860759,acres
https://es.wiktionary.org/w/index.php?curid=123798,actas
https://es.wiktionary.org/w/index.php?curid=490959,actos
https://es.wiktionary.org/w/index.php?curid=418615,acuna
https://es.wiktionary.org/w/index.php?curid=418653,acune
https://es.wiktionary.org/w/index.php?curid=418611,acuno
https://es.wiktionary.org/w/index.php?curid=217829,acuso
https://es.wiktionary.org/w/index.php?curid=217785,acuña
https://es.wiktionary.org/w/index.php?curid=218047,acuñe
https://es.wiktionary.org/w/index.php?curid=217781,acuño
https://es.wiktionary.org/w/index.php?curid=409381,afeas
https://es.wiktionary.org/w/index.php?curid=533232,aguda
https://es.wiktionary.org/w/index.php?curid=43820,agudo
https://es.wiktionary.org/w/index.php?curid=870608,albas
https://es.wiktionary.org/w/index.php?curid=370821,albos
https://es.wiktionary.org/w/index.php?curid=204973,alces
https://es.wiktionary.org/w/index.php?curid=163462,algas
https://es.wiktionary.org/w/index.php?curid=915514,almas
https://es.wiktionary.org/w/index.php?curid=334084,alojo
https://es.wiktionary.org/w/index.php?curid=549631,altas
https://es.wiktionary.org/w/index.php?curid=491179,altos
https://es.wiktionary.org/w/index.php?curid=56070,amina
https://es.wiktionary.org/w/index.php?curid=928443,ancas
https://es.wiktionary.org/w/index.php?curid=311020,andas
https://es.wiktionary.org/w/index.php?curid=311044,andes
https://es.wiktionary.org/w/index.php?curid=182248,anima
https://es.wiktionary.org/w/index.php?curid=873519,aojar
https://es.wiktionary.org/w/index.php?curid=423329,aojas
https://es.wiktionary.org/w/index.php?curid=819558,aojos
https://es.wiktionary.org/w/index.php?curid=332780,apoda
https://es.wiktionary.org/w/index.php?curid=110327,apodo
https://es.wiktionary.org/w/index.php?curid=428999,aptas
https://es.wiktionary.org/w/index.php?curid=900929,arces
https://es.wiktionary.org/w/index.php?curid=172021,arcos
https://es.wiktionary.org/w/index.php?curid=227496,ardan
https://es.wiktionary.org/w/index.php?curid=227495,ardas
https://es.wiktionary.org/w/index.php?curid=227471,ardes
https://es.wiktionary.org/w/index.php?curid=856431,arias
https://es.wiktionary.org/w/index.php?curid=819527,arios
https://es.wiktionary.org/w/index.php?curid=491355,arlos
https://es.wiktionary.org/w/index.php?curid=205070,armes
https://es.wiktionary.org/w/index.php?curid=426581,arpas
https://es.wiktionary.org/w/index.php?curid=132718,artes
https://es.wiktionary.org/w/index.php?curid=17837,Aruba
https://es.wiktionary.org/w/index.php?curid=424885,aruñe
https://es.wiktionary.org/w/index.php?curid=424849,aruño
https://es.wiktionary.org/w/index.php?curid=491407,ascos
https://es.wiktionary.org/w/index.php?curid=442188,asees
https://es.wiktionary.org/w/index.php?curid=819645,aseos
https://es.wiktionary.org/w/index.php?curid=386789,asolo
https://es.wiktionary.org/w/index.php?curid=434983,atoja
https://es.wiktionary.org/w/index.php?curid=434994,atojo
https://es.wiktionary.org/w/index.php?curid=330967,avale
https://es.wiktionary.org/w/index.php?curid=515761,avara
https://es.wiktionary.org/w/index.php?curid=452834,bagas
https://es.wiktionary.org/w/index.php?curid=330502,bajas
https://es.wiktionary.org/w/index.php?curid=330398,balas
https://es.wiktionary.org/w/index.php?curid=330429,bales
https://es.wiktionary.org/w/index.php?curid=179890,bares
https://es.wiktionary.org/w/index.php?curid=227580,barre
https://es.wiktionary.org/w/index.php?curid=326315,basca
https://es.wiktionary.org/w/index.php?curid=205217,baste
https://es.wiktionary.org/w/index.php?curid=222453,batas
https://es.wiktionary.org/w/index.php?curid=222443,bates
https://es.wiktionary.org/w/index.php?curid=855070,bayas
https://es.wiktionary.org/w/index.php?curid=330445,bañas
https://es.wiktionary.org/w/index.php?curid=330476,bañes
https://es.wiktionary.org/w/index.php?curid=152981,Baños
https://es.wiktionary.org/w/index.php?curid=491604,baños
https://es.wiktionary.org/w/index.php?curid=227755,bebed
https://es.wiktionary.org/w/index.php?curid=227629,bebes
https://es.wiktionary.org/w/index.php?curid=232368,besen
https://es.wiktionary.org/w/index.php?curid=232398,beses
https://es.wiktionary.org/w/index.php?curid=491645,besos
https://es.wiktionary.org/w/index.php?curid=855802,betas
https://es.wiktionary.org/w/index.php?curid=910926,bodas
https://es.wiktionary.org/w/index.php?curid=321694,bogad
https://es.wiktionary.org/w/index.php?curid=321528,bogas
https://es.wiktionary.org/w/index.php?curid=321560,bogue
https://es.wiktionary.org/w/index.php?curid=873938,bojar
https://es.wiktionary.org/w/index.php?curid=447512,bojas
https://es.wiktionary.org/w/index.php?curid=820184,bojos
https://es.wiktionary.org/w/index.php?curid=26094,bolar
https://es.wiktionary.org/w/index.php?curid=47757,bondi
https://es.wiktionary.org/w/index.php?curid=491711,bonos
https://es.wiktionary.org/w/index.php?curid=232529,borre
https://es.wiktionary.org/w/index.php?curid=954740,boses
https://es.wiktionary.org/w/index.php?curid=194200,botad
https://es.wiktionary.org/w/index.php?curid=187437,botan
https://es.wiktionary.org/w/index.php?curid=207696,botas
https://es.wiktionary.org/w/index.php?curid=205240,boten
https://es.wiktionary.org/w/index.php?curid=205233,botes
https://es.wiktionary.org/w/index.php?curid=443761,boyas
https://es.wiktionary.org/w/index.php?curid=232651,bramo
https://es.wiktionary.org/w/index.php?curid=134478,Bruno
https://es.wiktionary.org/w/index.php?curid=549665,bruta
https://es.wiktionary.org/w/index.php?curid=290473,bruño
https://es.wiktionary.org/w/index.php?curid=864065,bulas
https://es.wiktionary.org/w/index.php?curid=491764,bulos
https://es.wiktionary.org/w/index.php?curid=179910,buses
https://es.wiktionary.org/w/index.php?curid=625431,caceo
https://es.wiktionary.org/w/index.php?curid=301150,cagas
https://es.wiktionary.org/w/index.php?curid=572817,cajas
https://es.wiktionary.org/w/index.php?curid=233187,calce
https://es.wiktionary.org/w/index.php?curid=179671,cales
https://es.wiktionary.org/w/index.php?curid=180677,callo
https://es.wiktionary.org/w/index.php?curid=205262,calme
https://es.wiktionary.org/w/index.php?curid=207630,calmo
https://es.wiktionary.org/w/index.php?curid=917068,canas
https://es.wiktionary.org/w/index.php?curid=179918,canes
https://es.wiktionary.org/w/index.php?curid=207736,cansa
https://es.wiktionary.org/w/index.php?curid=90363,canta
https://es.wiktionary.org/w/index.php?curid=468906,capas
https://es.wiktionary.org/w/index.php?curid=468934,capes
https://es.wiktionary.org/w/index.php?curid=1004525,cappa
https://es.wiktionary.org/w/index.php?curid=233386,capta
https://es.wiktionary.org/w/index.php?curid=233372,capto
https://es.wiktionary.org/w/index.php?curid=131499,Carla
https://es.wiktionary.org/w/index.php?curid=917060,caros
https://es.wiktionary.org/w/index.php?curid=187447,casan
https://es.wiktionary.org/w/index.php?curid=58165,casas
https://es.wiktionary.org/w/index.php?curid=26201,casca
https://es.wiktionary.org/w/index.php?curid=491974,casos
https://es.wiktionary.org/w/index.php?curid=870444,Catar
https://es.wiktionary.org/w/index.php?curid=356743,catas
https://es.wiktionary.org/w/index.php?curid=57057,cause
https://es.wiktionary.org/w/index.php?curid=233670,cavas
https://es.wiktionary.org/w/index.php?curid=157551,cavos
https://es.wiktionary.org/w/index.php?curid=233786,cazan
https://es.wiktionary.org/w/index.php?curid=233844,cazas
https://es.wiktionary.org/w/index.php?curid=492015,cazos
https://es.wiktionary.org/w/index.php?curid=179303,cañas
https://es.wiktionary.org/w/index.php?curid=462087,cañeo
https://es.wiktionary.org/w/index.php?curid=492061,cebos
https://es.wiktionary.org/w/index.php?curid=227696,cedas
https://es.wiktionary.org/w/index.php?curid=227713,ceded
https://es.wiktionary.org/w/index.php?curid=227677,cedes
https://es.wiktionary.org/w/index.php?curid=821031,cefos
https://es.wiktionary.org/w/index.php?curid=233805,cejas
https://es.wiktionary.org/w/index.php?curid=462439,celes
https://es.wiktionary.org/w/index.php?curid=233924,cenas
https://es.wiktionary.org/w/index.php?curid=924950,cepas
https://es.wiktionary.org/w/index.php?curid=927089,ceras
https://es.wiktionary.org/w/index.php?curid=20748,cerdo
https://es.wiktionary.org/w/index.php?curid=492063,ceros
https://es.wiktionary.org/w/index.php?curid=988044,chefs
https://es.wiktionary.org/w/index.php?curid=1681,Chile
https://es.wiktionary.org/w/index.php?curid=11372,China
https://es.wiktionary.org/w/index.php?curid=270730,ciega
https://es.wiktionary.org/w/index.php?curid=525772,cines
https://es.wiktionary.org/w/index.php?curid=165189,clamo
https://es.wiktionary.org/w/index.php?curid=133129,Clara
https://es.wiktionary.org/w/index.php?curid=387351,clava
https://es.wiktionary.org/w/index.php?curid=983643,clubs
https://es.wiktionary.org/w/index.php?curid=927176,coces
https://es.wiktionary.org/w/index.php?curid=627214,codeo
https://es.wiktionary.org/w/index.php?curid=226746,coged
https://es.wiktionary.org/w/index.php?curid=226711,cogen
https://es.wiktionary.org/w/index.php?curid=6368,coger
https://es.wiktionary.org/w/index.php?curid=226700,coges
https://es.wiktionary.org/w/index.php?curid=226732,cojas
https://es.wiktionary.org/w/index.php?curid=279489,cojos
https://es.wiktionary.org/w/index.php?curid=862972,colas
https://es.wiktionary.org/w/index.php?curid=179681,coles
https://es.wiktionary.org/w/index.php?curid=359019,colma
https://es.wiktionary.org/w/index.php?curid=227745,coman
https://es.wiktionary.org/w/index.php?curid=227744,comas
https://es.wiktionary.org/w/index.php?curid=227767,comed
https://es.wiktionary.org/w/index.php?curid=65551,comes
https://es.wiktionary.org/w/index.php?curid=492354,conos
https://es.wiktionary.org/w/index.php?curid=207844,copas
https://es.wiktionary.org/w/index.php?curid=492417,copos
https://es.wiktionary.org/w/index.php?curid=916683,copta
https://es.wiktionary.org/w/index.php?curid=913840,coral
https://es.wiktionary.org/w/index.php?curid=631817,coras
https://es.wiktionary.org/w/index.php?curid=17953,Corea
https://es.wiktionary.org/w/index.php?curid=632210,corea
https://es.wiktionary.org/w/index.php?curid=204465,corra
https://es.wiktionary.org/w/index.php?curid=227981,corre
https://es.wiktionary.org/w/index.php?curid=227970,corro
https://es.wiktionary.org/w/index.php?curid=972146,corsa
https://es.wiktionary.org/w/index.php?curid=132731,cosas
https://es.wiktionary.org/w/index.php?curid=228063,coses
https://es.wiktionary.org/w/index.php?curid=492463,coños
https://es.wiktionary.org/w/index.php?curid=204460,creas
https://es.wiktionary.org/w/index.php?curid=300097,crees
https://es.wiktionary.org/w/index.php?curid=356202,creme
https://es.wiktionary.org/w/index.php?curid=356177,cremo
https://es.wiktionary.org/w/index.php?curid=43378,croar
https://es.wiktionary.org/w/index.php?curid=222729,cruje
https://es.wiktionary.org/w/index.php?curid=913103,cubas
https://es.wiktionary.org/w/index.php?curid=492529,cubos
https://es.wiktionary.org/w/index.php?curid=492541,cucos
https://es.wiktionary.org/w/index.php?curid=207866,cuida
https://es.wiktionary.org/w/index.php?curid=205436,cuide
https://es.wiktionary.org/w/index.php?curid=492552,culos
https://es.wiktionary.org/w/index.php?curid=176850,culta
https://es.wiktionary.org/w/index.php?curid=525480,cunas
https://es.wiktionary.org/w/index.php?curid=1005738,cural
https://es.wiktionary.org/w/index.php?curid=207877,curas
https://es.wiktionary.org/w/index.php?curid=972149,curdo
https://es.wiktionary.org/w/index.php?curid=205453,cures
https://es.wiktionary.org/w/index.php?curid=45985,curio
https://es.wiktionary.org/w/index.php?curid=634916,cuñas
https://es.wiktionary.org/w/index.php?curid=915396,dagas
https://es.wiktionary.org/w/index.php?curid=492611,datos
https://es.wiktionary.org/w/index.php?curid=353617,dañes
https://es.wiktionary.org/w/index.php?curid=492610,daños
https://es.wiktionary.org/w/index.php?curid=228139,debas
https://es.wiktionary.org/w/index.php?curid=228161,debed
https://es.wiktionary.org/w/index.php?curid=228104,debes
https://es.wiktionary.org/w/index.php?curid=326808,dedos
https://es.wiktionary.org/w/index.php?curid=208009,dejas
https://es.wiktionary.org/w/index.php?curid=169173,densa
https://es.wiktionary.org/w/index.php?curid=304174,dices
https://es.wiktionary.org/w/index.php?curid=1003179,dijes
https://es.wiktionary.org/w/index.php?curid=987317,diles
https://es.wiktionary.org/w/index.php?curid=239948,doman
https://es.wiktionary.org/w/index.php?curid=239942,domas
https://es.wiktionary.org/w/index.php?curid=239954,domes
https://es.wiktionary.org/w/index.php?curid=492939,domos
https://es.wiktionary.org/w/index.php?curid=240022,donan
https://es.wiktionary.org/w/index.php?curid=240027,donas
https://es.wiktionary.org/w/index.php?curid=240070,donen
https://es.wiktionary.org/w/index.php?curid=240134,dones
https://es.wiktionary.org/w/index.php?curid=205629,dores
https://es.wiktionary.org/w/index.php?curid=911666,doria
https://es.wiktionary.org/w/index.php?curid=911664,dorio
https://es.wiktionary.org/w/index.php?curid=673419,dotas
https://es.wiktionary.org/w/index.php?curid=673449,dotes
https://es.wiktionary.org/w/index.php?curid=915683,doñas
https://es.wiktionary.org/w/index.php?curid=11357,drupa
https://es.wiktionary.org/w/index.php?curid=998400,Dubai
https://es.wiktionary.org/w/index.php?curid=240072,dudan
https://es.wiktionary.org/w/index.php?curid=487647,dunas
https://es.wiktionary.org/w/index.php?curid=240158,dures
https://es.wiktionary.org/w/index.php?curid=553106,duros
https://es.wiktionary.org/w/index.php?curid=208224,echas
https://es.wiktionary.org/w/index.php?curid=205657,eches
https://es.wiktionary.org/w/index.php?curid=822762,echos
https://es.wiktionary.org/w/index.php?curid=240232,edita
https://es.wiktionary.org/w/index.php?curid=205646,eleve
https://es.wiktionary.org/w/index.php?curid=11626,ellos
https://es.wiktionary.org/w/index.php?curid=674473,emana
https://es.wiktionary.org/w/index.php?curid=980795,emoji
https://es.wiktionary.org/w/index.php?curid=983342,emoyi
https://es.wiktionary.org/w/index.php?curid=681234,emula
https://es.wiktionary.org/w/index.php?curid=681245,emule
https://es.wiktionary.org/w/index.php?curid=681220,emulo
https://es.wiktionary.org/w/index.php?curid=389546,enoja
https://es.wiktionary.org/w/index.php?curid=119437,enojo
https://es.wiktionary.org/w/index.php?curid=928243,entes
https://es.wiktionary.org/w/index.php?curid=118648,erizo
https://es.wiktionary.org/w/index.php?curid=10719,errar
https://es.wiktionary.org/w/index.php?curid=337561,erres
https://es.wiktionary.org/w/index.php?curid=346429,estad
https://es.wiktionary.org/w/index.php?curid=181284,estas
https://es.wiktionary.org/w/index.php?curid=493398,euros
https://es.wiktionary.org/w/index.php?curid=242046,evita
https://es.wiktionary.org/w/index.php?curid=28142,falle
https://es.wiktionary.org/w/index.php?curid=493433,falos
https://es.wiktionary.org/w/index.php?curid=716538,ferio
https://es.wiktionary.org/w/index.php?curid=823569,fetos
https://es.wiktionary.org/w/index.php?curid=893521,ficad
https://es.wiktionary.org/w/index.php?curid=893548,ficas
https://es.wiktionary.org/w/index.php?curid=167244,fijas
https://es.wiktionary.org/w/index.php?curid=393856,filas
https://es.wiktionary.org/w/index.php?curid=393867,files
https://es.wiktionary.org/w/index.php?curid=180009,fines
https://es.wiktionary.org/w/index.php?curid=893588,fique
https://es.wiktionary.org/w/index.php?curid=493513,focos
https://es.wiktionary.org/w/index.php?curid=341850,folia
https://es.wiktionary.org/w/index.php?curid=26199,folla
https://es.wiktionary.org/w/index.php?curid=336654,follo
https://es.wiktionary.org/w/index.php?curid=987318,fomes
https://es.wiktionary.org/w/index.php?curid=205907,forme
https://es.wiktionary.org/w/index.php?curid=493535,fosos
https://es.wiktionary.org/w/index.php?curid=490666,fotos
https://es.wiktionary.org/w/index.php?curid=243915,frita
https://es.wiktionary.org/w/index.php?curid=489292,fugas
https://es.wiktionary.org/w/index.php?curid=244065,fumes
https://es.wiktionary.org/w/index.php?curid=61713,gafas
https://es.wiktionary.org/w/index.php?curid=973748,galas
https://es.wiktionary.org/w/index.php?curid=17935,Gales
https://es.wiktionary.org/w/index.php?curid=493611,galos
https://es.wiktionary.org/w/index.php?curid=205918,ganes
https://es.wiktionary.org/w/index.php?curid=180010,gases
https://es.wiktionary.org/w/index.php?curid=493643,gatos
https://es.wiktionary.org/w/index.php?curid=179315,genes
https://es.wiktionary.org/w/index.php?curid=296241,gimen
https://es.wiktionary.org/w/index.php?curid=296240,gimes
https://es.wiktionary.org/w/index.php?curid=722507,giras
https://es.wiktionary.org/w/index.php?curid=493674,giros
https://es.wiktionary.org/w/index.php?curid=859683,godas
https://es.wiktionary.org/w/index.php?curid=824038,godos
https://es.wiktionary.org/w/index.php?curid=180029,goles
https://es.wiktionary.org/w/index.php?curid=911466,gorda
https://es.wiktionary.org/w/index.php?curid=29915,gorra
https://es.wiktionary.org/w/index.php?curid=380069,grabe
https://es.wiktionary.org/w/index.php?curid=28029,grave
https://es.wiktionary.org/w/index.php?curid=244554,grite
https://es.wiktionary.org/w/index.php?curid=453779,groar
https://es.wiktionary.org/w/index.php?curid=996606,güera
https://es.wiktionary.org/w/index.php?curid=928489,habas
https://es.wiktionary.org/w/index.php?curid=893952,habed
https://es.wiktionary.org/w/index.php?curid=206706,hablas
https://es.wiktionary.org/w/index.php?curid=219817,hacen
https://es.wiktionary.org/w/index.php?curid=219793,haces
https://es.wiktionary.org/w/index.php?curid=219809,hagan
https://es.wiktionary.org/w/index.php?curid=219808,hagas
https://es.wiktionary.org/w/index.php?curid=264601,halan
https://es.wiktionary.org/w/index.php?curid=244743,halas
https://es.wiktionary.org/w/index.php?curid=144261,hallo
https://es.wiktionary.org/w/index.php?curid=493822,halos
https://es.wiktionary.org/w/index.php?curid=205952,harte
https://es.wiktionary.org/w/index.php?curid=220119,hayan
https://es.wiktionary.org/w/index.php?curid=220118,hayas
https://es.wiktionary.org/w/index.php?curid=920423,heces
https://es.wiktionary.org/w/index.php?curid=395302,hecha
https://es.wiktionary.org/w/index.php?curid=42700,hecho
https://es.wiktionary.org/w/index.php?curid=181798,hemos
https://es.wiktionary.org/w/index.php?curid=296289,hiero
https://es.wiktionary.org/w/index.php?curid=161347,hijas
https://es.wiktionary.org/w/index.php?curid=264684,hilan
https://es.wiktionary.org/w/index.php?curid=493877,hilos
https://es.wiktionary.org/w/index.php?curid=312065,hinca
https://es.wiktionary.org/w/index.php?curid=493882,hipos
https://es.wiktionary.org/w/index.php?curid=824469,hitos
https://es.wiktionary.org/w/index.php?curid=306308,hoces
https://es.wiktionary.org/w/index.php?curid=917098,hojas
https://es.wiktionary.org/w/index.php?curid=519306,huera
https://es.wiktionary.org/w/index.php?curid=996602,huero
https://es.wiktionary.org/w/index.php?curid=914839,hunas
https://es.wiktionary.org/w/index.php?curid=493950,hunos
https://es.wiktionary.org/w/index.php?curid=566578,hurgo
https://es.wiktionary.org/w/index.php?curid=493960,husos
https://es.wiktionary.org/w/index.php?curid=181338,ibais
https://es.wiktionary.org/w/index.php?curid=326818,ideas
https://es.wiktionary.org/w/index.php?curid=10674,India
https://es.wiktionary.org/w/index.php?curid=266013,infle
https://es.wiktionary.org/w/index.php?curid=918956,intis
https://es.wiktionary.org/w/index.php?curid=986782,isbas
https://es.wiktionary.org/w/index.php?curid=180929,islas
https://es.wiktionary.org/w/index.php?curid=156074,Ivana
https://es.wiktionary.org/w/index.php?curid=266933,jalan
https://es.wiktionary.org/w/index.php?curid=917102,jefes
https://es.wiktionary.org/w/index.php?curid=1001507,jemal
https://es.wiktionary.org/w/index.php?curid=983069,jemes
https://es.wiktionary.org/w/index.php?curid=19415,jerga
https://es.wiktionary.org/w/index.php?curid=228534,jodas
https://es.wiktionary.org/w/index.php?curid=228500,jodes
https://es.wiktionary.org/w/index.php?curid=911680,jonia
https://es.wiktionary.org/w/index.php?curid=144750,joyas
https://es.wiktionary.org/w/index.php?curid=91383,joyel
https://es.wiktionary.org/w/index.php?curid=494119,jugos
https://es.wiktionary.org/w/index.php?curid=734512,jujeo
https://es.wiktionary.org/w/index.php?curid=267193,jures
https://es.wiktionary.org/w/index.php?curid=928891,kanes
https://es.wiktionary.org/w/index.php?curid=18121,Kenia
https://es.wiktionary.org/w/index.php?curid=525487,kunas
https://es.wiktionary.org/w/index.php?curid=916217,kurda
https://es.wiktionary.org/w/index.php?curid=548808,labes
https://es.wiktionary.org/w/index.php?curid=161144,labia
https://es.wiktionary.org/w/index.php?curid=267381,labre
https://es.wiktionary.org/w/index.php?curid=94798,lacra
https://es.wiktionary.org/w/index.php?curid=735014,lacta
https://es.wiktionary.org/w/index.php?curid=494173,lados
https://es.wiktionary.org/w/index.php?curid=267443,ladro
https://es.wiktionary.org/w/index.php?curid=18425,Lagos
https://es.wiktionary.org/w/index.php?curid=494229,lagos
https://es.wiktionary.org/w/index.php?curid=228643,lamas
https://es.wiktionary.org/w/index.php?curid=228625,lamen
https://es.wiktionary.org/w/index.php?curid=228620,lames
https://es.wiktionary.org/w/index.php?curid=921395,lapas
https://es.wiktionary.org/w/index.php?curid=301615,larga
https://es.wiktionary.org/w/index.php?curid=557200,latas
https://es.wiktionary.org/w/index.php?curid=92093,laves
https://es.wiktionary.org/w/index.php?curid=736730,laxas
https://es.wiktionary.org/w/index.php?curid=1006293,laxos
https://es.wiktionary.org/w/index.php?curid=599746,lazan
https://es.wiktionary.org/w/index.php?curid=494200,lazos
https://es.wiktionary.org/w/index.php?curid=276672,legas
https://es.wiktionary.org/w/index.php?curid=825099,legos
https://es.wiktionary.org/w/index.php?curid=40328,lejos
https://es.wiktionary.org/w/index.php?curid=901016,lemas
https://es.wiktionary.org/w/index.php?curid=171456,lenta
https://es.wiktionary.org/w/index.php?curid=92095,levas
https://es.wiktionary.org/w/index.php?curid=341244,leves
https://es.wiktionary.org/w/index.php?curid=161593,leyes
https://es.wiktionary.org/w/index.php?curid=18150,Libia
https://es.wiktionary.org/w/index.php?curid=915250,libia
https://es.wiktionary.org/w/index.php?curid=915904,lides
https://es.wiktionary.org/w/index.php?curid=268096,limas
https://es.wiktionary.org/w/index.php?curid=73038,linda
https://es.wiktionary.org/w/index.php?curid=914614,liras
https://es.wiktionary.org/w/index.php?curid=990519,lises
https://es.wiktionary.org/w/index.php?curid=912287,locas
https://es.wiktionary.org/w/index.php?curid=914069,locha
https://es.wiktionary.org/w/index.php?curid=494285,locos
https://es.wiktionary.org/w/index.php?curid=494302,lomos
https://es.wiktionary.org/w/index.php?curid=996740,lores
https://es.wiktionary.org/w/index.php?curid=494333,loros
https://es.wiktionary.org/w/index.php?curid=738564,losas
https://es.wiktionary.org/w/index.php?curid=738625,loteo
https://es.wiktionary.org/w/index.php?curid=861454,lotes
https://es.wiktionary.org/w/index.php?curid=862491,lozas
https://es.wiktionary.org/w/index.php?curid=298017,luces
https://es.wiktionary.org/w/index.php?curid=32276,luche
https://es.wiktionary.org/w/index.php?curid=131249,lucho
https://es.wiktionary.org/w/index.php?curid=916458,lunas
https://es.wiktionary.org/w/index.php?curid=911787,lusas
https://es.wiktionary.org/w/index.php?curid=825244,lusos
https://es.wiktionary.org/w/index.php?curid=739455,maceo
https://es.wiktionary.org/w/index.php?curid=494354,magos
https://es.wiktionary.org/w/index.php?curid=11340,Maine
https://es.wiktionary.org/w/index.php?curid=157274,malas
https://es.wiktionary.org/w/index.php?curid=552521,males
https://es.wiktionary.org/w/index.php?curid=157273,malos
https://es.wiktionary.org/w/index.php?curid=10942,Malta
https://es.wiktionary.org/w/index.php?curid=341382,mamas
https://es.wiktionary.org/w/index.php?curid=245165,manas
https://es.wiktionary.org/w/index.php?curid=553217,manca
https://es.wiktionary.org/w/index.php?curid=208771,manda
https://es.wiktionary.org/w/index.php?curid=120442,manos
https://es.wiktionary.org/w/index.php?curid=911262,mapas
https://es.wiktionary.org/w/index.php?curid=917093,mares
https://es.wiktionary.org/w/index.php?curid=72168,marro
https://es.wiktionary.org/w/index.php?curid=320196,masco
https://es.wiktionary.org/w/index.php?curid=161752,mases
https://es.wiktionary.org/w/index.php?curid=179247,matas
https://es.wiktionary.org/w/index.php?curid=206147,mates
https://es.wiktionary.org/w/index.php?curid=744494,mayas
https://es.wiktionary.org/w/index.php?curid=494459,mazos
https://es.wiktionary.org/w/index.php?curid=159123,mañas
https://es.wiktionary.org/w/index.php?curid=326530,meaba
https://es.wiktionary.org/w/index.php?curid=227238,mecen
https://es.wiktionary.org/w/index.php?curid=65483,meces
https://es.wiktionary.org/w/index.php?curid=1007659,memes
https://es.wiktionary.org/w/index.php?curid=745295,menes
https://es.wiktionary.org/w/index.php?curid=745486,meras
https://es.wiktionary.org/w/index.php?curid=825663,meros
https://es.wiktionary.org/w/index.php?curid=548433,mesas
https://es.wiktionary.org/w/index.php?curid=548551,mesen
https://es.wiktionary.org/w/index.php?curid=65484,meses
https://es.wiktionary.org/w/index.php?curid=204496,metas
https://es.wiktionary.org/w/index.php?curid=382408,metes
https://es.wiktionary.org/w/index.php?curid=204502,mezas
https://es.wiktionary.org/w/index.php?curid=296708,midas
https://es.wiktionary.org/w/index.php?curid=163438,migro
https://es.wiktionary.org/w/index.php?curid=63411,miles
https://es.wiktionary.org/w/index.php?curid=746546,minas
https://es.wiktionary.org/w/index.php?curid=746571,mines
https://es.wiktionary.org/w/index.php?curid=340232,miras
https://es.wiktionary.org/w/index.php?curid=340217,miren
https://es.wiktionary.org/w/index.php?curid=340253,mires
https://es.wiktionary.org/w/index.php?curid=746916,misad
https://es.wiktionary.org/w/index.php?curid=746871,misas
https://es.wiktionary.org/w/index.php?curid=910896,misma
https://es.wiktionary.org/w/index.php?curid=746925,mista
https://es.wiktionary.org/w/index.php?curid=119970,mitos
https://es.wiktionary.org/w/index.php?curid=747035,mitro
https://es.wiktionary.org/w/index.php?curid=326823,mocos
https://es.wiktionary.org/w/index.php?curid=898892,modas
https://es.wiktionary.org/w/index.php?curid=494584,modos
https://es.wiktionary.org/w/index.php?curid=747281,mofes
https://es.wiktionary.org/w/index.php?curid=20847,mojar
https://es.wiktionary.org/w/index.php?curid=208815,mojas
https://es.wiktionary.org/w/index.php?curid=206171,mojen
https://es.wiktionary.org/w/index.php?curid=494585,mojos
https://es.wiktionary.org/w/index.php?curid=339624,molas
https://es.wiktionary.org/w/index.php?curid=339714,moles
https://es.wiktionary.org/w/index.php?curid=917085,monas
https://es.wiktionary.org/w/index.php?curid=494605,monos
https://es.wiktionary.org/w/index.php?curid=504017,mopas
https://es.wiktionary.org/w/index.php?curid=246933,moras
https://es.wiktionary.org/w/index.php?curid=246932,mores
https://es.wiktionary.org/w/index.php?curid=825904,moros
https://es.wiktionary.org/w/index.php?curid=157792,morro
https://es.wiktionary.org/w/index.php?curid=924207,motas
https://es.wiktionary.org/w/index.php?curid=69175,moved
https://es.wiktionary.org/w/index.php?curid=917053,mozas
https://es.wiktionary.org/w/index.php?curid=494667,moños
https://es.wiktionary.org/w/index.php?curid=1001483,mucas
https://es.wiktionary.org/w/index.php?curid=825959,mucos
https://es.wiktionary.org/w/index.php?curid=247190,mudas
https://es.wiktionary.org/w/index.php?curid=499217,mudos
https://es.wiktionary.org/w/index.php?curid=281186,mueve
https://es.wiktionary.org/w/index.php?curid=869557,mugen
https://es.wiktionary.org/w/index.php?curid=869558,muges
https://es.wiktionary.org/w/index.php?curid=869565,mugid
https://es.wiktionary.org/w/index.php?curid=869602,mujan
https://es.wiktionary.org/w/index.php?curid=869603,mujas
https://es.wiktionary.org/w/index.php?curid=855145,mulas
https://es.wiktionary.org/w/index.php?curid=749113,multe
https://es.wiktionary.org/w/index.php?curid=494685,muros
https://es.wiktionary.org/w/index.php?curid=494702,nabos
https://es.wiktionary.org/w/index.php?curid=285980,naces
https://es.wiktionary.org/w/index.php?curid=247318,nadas
https://es.wiktionary.org/w/index.php?curid=247351,nades
https://es.wiktionary.org/w/index.php?curid=247449,narre
https://es.wiktionary.org/w/index.php?curid=523505,natas
https://es.wiktionary.org/w/index.php?curid=523506,natos
https://es.wiktionary.org/w/index.php?curid=18388,Nauru
https://es.wiktionary.org/w/index.php?curid=915356,naves
https://es.wiktionary.org/w/index.php?curid=929443,nazis
https://es.wiktionary.org/w/index.php?curid=549771,necia
https://es.wiktionary.org/w/index.php?curid=18418,Nepal
https://es.wiktionary.org/w/index.php?curid=494766,netos
https://es.wiktionary.org/w/index.php?curid=326827,niños
https://es.wiktionary.org/w/index.php?curid=494792,nomos
https://es.wiktionary.org/w/index.php?curid=247782,notas
https://es.wiktionary.org/w/index.php?curid=247856,notes
https://es.wiktionary.org/w/index.php?curid=37117,nubes
https://es.wiktionary.org/w/index.php?curid=917644,nucas
https://es.wiktionary.org/w/index.php?curid=994391,nudas
https://es.wiktionary.org/w/index.php?curid=494806,nudos
https://es.wiktionary.org/w/index.php?curid=918829,nulas
https://es.wiktionary.org/w/index.php?curid=918827,nulos
https://es.wiktionary.org/w/index.php?curid=247924,obras
https://es.wiktionary.org/w/index.php?curid=248249,odias
https://es.wiktionary.org/w/index.php?curid=494845,odios
https://es.wiktionary.org/w/index.php?curid=494850,ogros
https://es.wiktionary.org/w/index.php?curid=917083,ollas
https://es.wiktionary.org/w/index.php?curid=326829,ondas
https://es.wiktionary.org/w/index.php?curid=982874,onzas
https://es.wiktionary.org/w/index.php?curid=248327,opera
https://es.wiktionary.org/w/index.php?curid=752456,optas
https://es.wiktionary.org/w/index.php?curid=917051,orbes
https://es.wiktionary.org/w/index.php?curid=917058,orcas
https://es.wiktionary.org/w/index.php?curid=52046,orden
https://es.wiktionary.org/w/index.php?curid=752954,ornan
https://es.wiktionary.org/w/index.php?curid=753116,oseas
https://es.wiktionary.org/w/index.php?curid=913992,osito
https://es.wiktionary.org/w/index.php?curid=326830,otras
https://es.wiktionary.org/w/index.php?curid=248765,ovulo
https://es.wiktionary.org/w/index.php?curid=987784,pacas
https://es.wiktionary.org/w/index.php?curid=286188,pacen
https://es.wiktionary.org/w/index.php?curid=171795,pacta
https://es.wiktionary.org/w/index.php?curid=187673,pagan
https://es.wiktionary.org/w/index.php?curid=206233,pague
https://es.wiktionary.org/w/index.php?curid=917926,pajas
https://es.wiktionary.org/w/index.php?curid=570943,pajes
https://es.wiktionary.org/w/index.php?curid=67051,palas
https://es.wiktionary.org/w/index.php?curid=754313,palme
https://es.wiktionary.org/w/index.php?curid=180612,palos
https://es.wiktionary.org/w/index.php?curid=249026,palpa
https://es.wiktionary.org/w/index.php?curid=123412,panes
https://es.wiktionary.org/w/index.php?curid=209037,paras
https://es.wiktionary.org/w/index.php?curid=920857,parda
https://es.wiktionary.org/w/index.php?curid=131386,Pardo
https://es.wiktionary.org/w/index.php?curid=206251,paren
https://es.wiktionary.org/w/index.php?curid=180049,pares
https://es.wiktionary.org/w/index.php?curid=223859,parta
https://es.wiktionary.org/w/index.php?curid=249471,pasas
https://es.wiktionary.org/w/index.php?curid=249527,pasen
https://es.wiktionary.org/w/index.php?curid=249528,pases
https://es.wiktionary.org/w/index.php?curid=912012,patas
https://es.wiktionary.org/w/index.php?curid=249532,patea
https://es.wiktionary.org/w/index.php?curid=495044,patos
https://es.wiktionary.org/w/index.php?curid=938126,pañal
https://es.wiktionary.org/w/index.php?curid=371826,pecas
https://es.wiktionary.org/w/index.php?curid=917259,peces
https://es.wiktionary.org/w/index.php?curid=495087,pedos
https://es.wiktionary.org/w/index.php?curid=249733,pegas
https://es.wiktionary.org/w/index.php?curid=249762,pegue
https://es.wiktionary.org/w/index.php?curid=495094,pelos
https://es.wiktionary.org/w/index.php?curid=187680,penan
https://es.wiktionary.org/w/index.php?curid=208946,penas
https://es.wiktionary.org/w/index.php?curid=869665,penda
https://es.wiktionary.org/w/index.php?curid=869670,pende
https://es.wiktionary.org/w/index.php?curid=206271,penen
https://es.wiktionary.org/w/index.php?curid=168986,penes
https://es.wiktionary.org/w/index.php?curid=859330,peras
https://es.wiktionary.org/w/index.php?curid=495134,peros
https://es.wiktionary.org/w/index.php?curid=250553,pesad
https://es.wiktionary.org/w/index.php?curid=250484,pesas
https://es.wiktionary.org/w/index.php?curid=250518,pesen
https://es.wiktionary.org/w/index.php?curid=250503,peses
https://es.wiktionary.org/w/index.php?curid=495146,pesos
https://es.wiktionary.org/w/index.php?curid=208968,petas
https://es.wiktionary.org/w/index.php?curid=915380,peñas
https://es.wiktionary.org/w/index.php?curid=187686,pican
https://es.wiktionary.org/w/index.php?curid=296857,pidas
https://es.wiktionary.org/w/index.php?curid=296837,pides
https://es.wiktionary.org/w/index.php?curid=987272,pines
https://es.wiktionary.org/w/index.php?curid=250971,pipas
https://es.wiktionary.org/w/index.php?curid=251116,pisad
https://es.wiktionary.org/w/index.php?curid=123352,pises
https://es.wiktionary.org/w/index.php?curid=495234,pitos
https://es.wiktionary.org/w/index.php?curid=3683,planta
https://es.wiktionary.org/w/index.php?curid=911301,plena
https://es.wiktionary.org/w/index.php?curid=911299,pleno
https://es.wiktionary.org/w/index.php?curid=912942,pocas
https://es.wiktionary.org/w/index.php?curid=26021,pocos
https://es.wiktionary.org/w/index.php?curid=251376,podas
https://es.wiktionary.org/w/index.php?curid=310945,poded
https://es.wiktionary.org/w/index.php?curid=25373,poder
https://es.wiktionary.org/w/index.php?curid=251405,podes
https://es.wiktionary.org/w/index.php?curid=181337,poned
https://es.wiktionary.org/w/index.php?curid=181354,ponen
https://es.wiktionary.org/w/index.php?curid=43565,poner
https://es.wiktionary.org/w/index.php?curid=181341,pones
https://es.wiktionary.org/w/index.php?curid=288286,ponga
https://es.wiktionary.org/w/index.php?curid=912994,porfa
https://es.wiktionary.org/w/index.php?curid=300589,posee
https://es.wiktionary.org/w/index.php?curid=251451,posen
https://es.wiktionary.org/w/index.php?curid=251465,poses
https://es.wiktionary.org/w/index.php?curid=495342,posos
https://es.wiktionary.org/w/index.php?curid=495353,potos
https://es.wiktionary.org/w/index.php?curid=764381,poyas
https://es.wiktionary.org/w/index.php?curid=102698,pozos
https://es.wiktionary.org/w/index.php?curid=153300,Prada
https://es.wiktionary.org/w/index.php?curid=18378,prado
https://es.wiktionary.org/w/index.php?curid=251741,preña
https://es.wiktionary.org/w/index.php?curid=251722,preño
https://es.wiktionary.org/w/index.php?curid=311031,pueda
https://es.wiktionary.org/w/index.php?curid=113798,puede
https://es.wiktionary.org/w/index.php?curid=310908,puedo
https://es.wiktionary.org/w/index.php?curid=767082,pujan
https://es.wiktionary.org/w/index.php?curid=767076,pujas
https://es.wiktionary.org/w/index.php?curid=767111,pujen
https://es.wiktionary.org/w/index.php?curid=224785,pulen
https://es.wiktionary.org/w/index.php?curid=915619,pumas
https://es.wiktionary.org/w/index.php?curid=859365,puras
https://es.wiktionary.org/w/index.php?curid=495464,puros
https://es.wiktionary.org/w/index.php?curid=882675,putas
https://es.wiktionary.org/w/index.php?curid=18548,Qatar
https://es.wiktionary.org/w/index.php?curid=252472,quede
https://es.wiktionary.org/w/index.php?curid=206403,queme
https://es.wiktionary.org/w/index.php?curid=209072,quemo
https://es.wiktionary.org/w/index.php?curid=288238,quise
https://es.wiktionary.org/w/index.php?curid=288240,quiso
https://es.wiktionary.org/w/index.php?curid=19163,Quito
https://es.wiktionary.org/w/index.php?curid=252565,quito
https://es.wiktionary.org/w/index.php?curid=495540,rabos
https://es.wiktionary.org/w/index.php?curid=576293,ralbe
https://es.wiktionary.org/w/index.php?curid=495552,ramos
https://es.wiktionary.org/w/index.php?curid=981853,ranas
https://es.wiktionary.org/w/index.php?curid=252761,rapas
https://es.wiktionary.org/w/index.php?curid=209195,rasas
https://es.wiktionary.org/w/index.php?curid=209203,rasco
https://es.wiktionary.org/w/index.php?curid=182460,ratas
https://es.wiktionary.org/w/index.php?curid=495571,ratos
https://es.wiktionary.org/w/index.php?curid=917762,razas
https://es.wiktionary.org/w/index.php?curid=256060,reces
https://es.wiktionary.org/w/index.php?curid=549774,recia
https://es.wiktionary.org/w/index.php?curid=173276,redes
https://es.wiktionary.org/w/index.php?curid=916774,regia
https://es.wiktionary.org/w/index.php?curid=911320,rejas
https://es.wiktionary.org/w/index.php?curid=254430,remas
https://es.wiktionary.org/w/index.php?curid=254667,remes
https://es.wiktionary.org/w/index.php?curid=827789,remos
https://es.wiktionary.org/w/index.php?curid=780397,rento
https://es.wiktionary.org/w/index.php?curid=180079,reses
https://es.wiktionary.org/w/index.php?curid=47374,reste
https://es.wiktionary.org/w/index.php?curid=783810,retes
https://es.wiktionary.org/w/index.php?curid=827889,retos
https://es.wiktionary.org/w/index.php?curid=180102,reyes
https://es.wiktionary.org/w/index.php?curid=256033,rezan
https://es.wiktionary.org/w/index.php?curid=256030,rezas
https://es.wiktionary.org/w/index.php?curid=606370,rices
https://es.wiktionary.org/w/index.php?curid=785551,rifas
https://es.wiktionary.org/w/index.php?curid=256144,rimas
https://es.wiktionary.org/w/index.php?curid=256172,rimen
https://es.wiktionary.org/w/index.php?curid=256169,rimes
https://es.wiktionary.org/w/index.php?curid=393295,rinda
https://es.wiktionary.org/w/index.php?curid=495774,ritos
https://es.wiktionary.org/w/index.php?curid=256201,roban
https://es.wiktionary.org/w/index.php?curid=256503,robes
https://es.wiktionary.org/w/index.php?curid=855203,rocas
https://es.wiktionary.org/w/index.php?curid=855201,rodas
https://es.wiktionary.org/w/index.php?curid=515936,rojas
https://es.wiktionary.org/w/index.php?curid=495762,rojos
https://es.wiktionary.org/w/index.php?curid=786383,rolla
https://es.wiktionary.org/w/index.php?curid=928428,romas
https://es.wiktionary.org/w/index.php?curid=928427,romos
https://es.wiktionary.org/w/index.php?curid=229367,rompe
https://es.wiktionary.org/w/index.php?curid=180081,rones
https://es.wiktionary.org/w/index.php?curid=364425,rotas
https://es.wiktionary.org/w/index.php?curid=364431,rotos
https://es.wiktionary.org/w/index.php?curid=300293,royas
https://es.wiktionary.org/w/index.php?curid=1006081,royos
https://es.wiktionary.org/w/index.php?curid=549673,rudos
https://es.wiktionary.org/w/index.php?curid=393430,rugen
https://es.wiktionary.org/w/index.php?curid=393427,ruges
https://es.wiktionary.org/w/index.php?curid=393467,rujan
https://es.wiktionary.org/w/index.php?curid=495791,rulos
https://es.wiktionary.org/w/index.php?curid=929294,runas
https://es.wiktionary.org/w/index.php?curid=915022,rusas
https://es.wiktionary.org/w/index.php?curid=10731,Rusia
https://es.wiktionary.org/w/index.php?curid=495799,rusos
https://es.wiktionary.org/w/index.php?curid=292021,ruñas
https://es.wiktionary.org/w/index.php?curid=91116,sabia
https://es.wiktionary.org/w/index.php?curid=256657,sacan
https://es.wiktionary.org/w/index.php?curid=256643,sacas
https://es.wiktionary.org/w/index.php?curid=495806,sacos
https://es.wiktionary.org/w/index.php?curid=295154,salga
https://es.wiktionary.org/w/index.php?curid=116133,salgo
https://es.wiktionary.org/w/index.php?curid=74658,salta
https://es.wiktionary.org/w/index.php?curid=209260,salva
https://es.wiktionary.org/w/index.php?curid=206504,salve
https://es.wiktionary.org/w/index.php?curid=18641,Samoa
https://es.wiktionary.org/w/index.php?curid=525418,sanad
https://es.wiktionary.org/w/index.php?curid=525331,sanas
https://es.wiktionary.org/w/index.php?curid=515864,santa
https://es.wiktionary.org/w/index.php?curid=495844,sapos
https://es.wiktionary.org/w/index.php?curid=855344,sañas
https://es.wiktionary.org/w/index.php?curid=495859,sebos
https://es.wiktionary.org/w/index.php?curid=320858,secan
https://es.wiktionary.org/w/index.php?curid=179284,sedes
https://es.wiktionary.org/w/index.php?curid=300130,sepas
https://es.wiktionary.org/w/index.php?curid=178886,seres
https://es.wiktionary.org/w/index.php?curid=790531,seria
https://es.wiktionary.org/w/index.php?curid=855984,setas
https://es.wiktionary.org/w/index.php?curid=578318,siega
https://es.wiktionary.org/w/index.php?curid=578314,siego
https://es.wiktionary.org/w/index.php?curid=295091,sigan
https://es.wiktionary.org/w/index.php?curid=18355,Siria
https://es.wiktionary.org/w/index.php?curid=915199,siria
https://es.wiktionary.org/w/index.php?curid=791521,siseo
https://es.wiktionary.org/w/index.php?curid=257842,soban
https://es.wiktionary.org/w/index.php?curid=257839,sobas
https://es.wiktionary.org/w/index.php?curid=257865,sobes
https://es.wiktionary.org/w/index.php?curid=855338,sogas
https://es.wiktionary.org/w/index.php?curid=180098,soles
https://es.wiktionary.org/w/index.php?curid=272418,sonad
https://es.wiktionary.org/w/index.php?curid=69600,sonar
https://es.wiktionary.org/w/index.php?curid=229501,sorbe
https://es.wiktionary.org/w/index.php?curid=272458,soñad
https://es.wiktionary.org/w/index.php?curid=3894,soñar
https://es.wiktionary.org/w/index.php?curid=225531,subas
https://es.wiktionary.org/w/index.php?curid=225498,subes
https://es.wiktionary.org/w/index.php?curid=553056,sucia
https://es.wiktionary.org/w/index.php?curid=22339,sucre
https://es.wiktionary.org/w/index.php?curid=796320,sudan
https://es.wiktionary.org/w/index.php?curid=877508,sudar
https://es.wiktionary.org/w/index.php?curid=796311,sudas
https://es.wiktionary.org/w/index.php?curid=393585,suela
https://es.wiktionary.org/w/index.php?curid=393631,suele
https://es.wiktionary.org/w/index.php?curid=272384,suena
https://es.wiktionary.org/w/index.php?curid=272393,suene
https://es.wiktionary.org/w/index.php?curid=272358,sueno
https://es.wiktionary.org/w/index.php?curid=272416,sueña
https://es.wiktionary.org/w/index.php?curid=272446,sueñe
https://es.wiktionary.org/w/index.php?curid=2121,sueño
https://es.wiktionary.org/w/index.php?curid=10802,Suiza
https://es.wiktionary.org/w/index.php?curid=915026,suiza
https://es.wiktionary.org/w/index.php?curid=258745,sumas
https://es.wiktionary.org/w/index.php?curid=15348,sushi
https://es.wiktionary.org/w/index.php?curid=496109,tacos
https://es.wiktionary.org/w/index.php?curid=259235,talas
https://es.wiktionary.org/w/index.php?curid=206733,tapas
https://es.wiktionary.org/w/index.php?curid=206573,tapes
https://es.wiktionary.org/w/index.php?curid=19723,Tejas
https://es.wiktionary.org/w/index.php?curid=204528,tejas
https://es.wiktionary.org/w/index.php?curid=229770,temas
https://es.wiktionary.org/w/index.php?curid=229745,temen
https://es.wiktionary.org/w/index.php?curid=229839,temes
https://es.wiktionary.org/w/index.php?curid=202205,tened
https://es.wiktionary.org/w/index.php?curid=279547,tenga
https://es.wiktionary.org/w/index.php?curid=101124,tengo
https://es.wiktionary.org/w/index.php?curid=999482,tenia
https://es.wiktionary.org/w/index.php?curid=799193,tensa
https://es.wiktionary.org/w/index.php?curid=159370,terca
https://es.wiktionary.org/w/index.php?curid=799691,tersa
https://es.wiktionary.org/w/index.php?curid=799719,terse
https://es.wiktionary.org/w/index.php?curid=799800,testo
https://es.wiktionary.org/w/index.php?curid=877576,tetar
https://es.wiktionary.org/w/index.php?curid=799911,tetas
https://es.wiktionary.org/w/index.php?curid=11324,Texas
https://es.wiktionary.org/w/index.php?curid=279522,tiene
https://es.wiktionary.org/w/index.php?curid=61307,times
https://es.wiktionary.org/w/index.php?curid=829028,tipos
https://es.wiktionary.org/w/index.php?curid=260294,tiras
https://es.wiktionary.org/w/index.php?curid=496268,tiros
https://es.wiktionary.org/w/index.php?curid=570001,togas
https://es.wiktionary.org/w/index.php?curid=260528,tomad
https://es.wiktionary.org/w/index.php?curid=260489,toman
https://es.wiktionary.org/w/index.php?curid=260490,tomas
https://es.wiktionary.org/w/index.php?curid=260513,tomes
https://es.wiktionary.org/w/index.php?curid=18877,Tonga
https://es.wiktionary.org/w/index.php?curid=496289,tonos
https://es.wiktionary.org/w/index.php?curid=180954,tonta
https://es.wiktionary.org/w/index.php?curid=260586,topas
https://es.wiktionary.org/w/index.php?curid=496288,topos
https://es.wiktionary.org/w/index.php?curid=52036,torpe
https://es.wiktionary.org/w/index.php?curid=229851,tosed
https://es.wiktionary.org/w/index.php?curid=179781,toses
https://es.wiktionary.org/w/index.php?curid=288121,traed
https://es.wiktionary.org/w/index.php?curid=288085,traen
https://es.wiktionary.org/w/index.php?curid=30609,traer
https://es.wiktionary.org/w/index.php?curid=288072,traes
https://es.wiktionary.org/w/index.php?curid=288083,trajo
https://es.wiktionary.org/w/index.php?curid=496433,tubos
https://es.wiktionary.org/w/index.php?curid=806528,tunas
https://es.wiktionary.org/w/index.php?curid=262222,untes
https://es.wiktionary.org/w/index.php?curid=226074,urdas
https://es.wiktionary.org/w/index.php?curid=129435,Uribe
https://es.wiktionary.org/w/index.php?curid=572797,urnas
https://es.wiktionary.org/w/index.php?curid=194973,usaos
https://es.wiktionary.org/w/index.php?curid=204188,usate
https://es.wiktionary.org/w/index.php?curid=998406,uñoso
https://es.wiktionary.org/w/index.php?curid=620581,vacan
https://es.wiktionary.org/w/index.php?curid=40854,vacas
https://es.wiktionary.org/w/index.php?curid=262396,vagas
https://es.wiktionary.org/w/index.php?curid=829442,vagos
https://es.wiktionary.org/w/index.php?curid=40191,vague
https://es.wiktionary.org/w/index.php?curid=287418,vales
https://es.wiktionary.org/w/index.php?curid=287450,valga
https://es.wiktionary.org/w/index.php?curid=116134,valgo
https://es.wiktionary.org/w/index.php?curid=808083,valsa
https://es.wiktionary.org/w/index.php?curid=808111,valse
https://es.wiktionary.org/w/index.php?curid=94981,vamos
https://es.wiktionary.org/w/index.php?curid=916493,vasca
https://es.wiktionary.org/w/index.php?curid=496541,vasos
https://es.wiktionary.org/w/index.php?curid=926513,vasta
https://es.wiktionary.org/w/index.php?curid=937432,vates
https://es.wiktionary.org/w/index.php?curid=310904,vayan
https://es.wiktionary.org/w/index.php?curid=310991,vayas
https://es.wiktionary.org/w/index.php?curid=123652,veces
https://es.wiktionary.org/w/index.php?curid=808686,vedas
https://es.wiktionary.org/w/index.php?curid=209447,velas
https://es.wiktionary.org/w/index.php?curid=206623,veles
https://es.wiktionary.org/w/index.php?curid=496561,velos
https://es.wiktionary.org/w/index.php?curid=310704,vemos
https://es.wiktionary.org/w/index.php?curid=917097,venas
https://es.wiktionary.org/w/index.php?curid=116135,vengo
https://es.wiktionary.org/w/index.php?curid=27100,vente
https://es.wiktionary.org/w/index.php?curid=262950,vetas
https://es.wiktionary.org/w/index.php?curid=158087,vidas
https://es.wiktionary.org/w/index.php?curid=301809,viene
https://es.wiktionary.org/w/index.php?curid=310725,viera
https://es.wiktionary.org/w/index.php?curid=855705,vigas
https://es.wiktionary.org/w/index.php?curid=496600,vinos
https://es.wiktionary.org/w/index.php?curid=810546,vires
https://es.wiktionary.org/w/index.php?curid=326845,voces
https://es.wiktionary.org/w/index.php?curid=7885,volar
https://es.wiktionary.org/w/index.php?curid=263780,votad
https://es.wiktionary.org/w/index.php?curid=263737,votan
https://es.wiktionary.org/w/index.php?curid=51158,votar
https://es.wiktionary.org/w/index.php?curid=263727,votas
https://es.wiktionary.org/w/index.php?curid=263768,voten
https://es.wiktionary.org/w/index.php?curid=263757,votes
https://es.wiktionary.org/w/index.php?curid=496645,votos
https://es.wiktionary.org/w/index.php?curid=987428,wikis
https://es.wiktionary.org/w/index.php?curid=982617,wones
https://es.wiktionary.org/w/index.php?curid=927989,yates
https://es.wiktionary.org/w/index.php?curid=855716,yemas
https://es.wiktionary.org/w/index.php?curid=18770,Yemen
https://es.wiktionary.org/w/index.php?curid=287269,yendo
https://es.wiktionary.org/w/index.php?curid=922752,yenes
https://es.wiktionary.org/w/index.php?curid=998009,yesca
https://es.wiktionary.org/w/index.php?curid=21093,yogur
https://es.wiktionary.org/w/index.php?curid=496677,yugos
https://es.wiktionary.org/w/index.php?curid=855751,zacas
https://es.wiktionary.org/w/index.php?curid=985998,zarca
https://es.wiktionary.org/w/index.php?curid=180114,zares
https://es.wiktionary.org/w/index.php?curid=855772,zetas
https://es.wiktionary.org/w/index.php?curid=855843,zonas
https://es.wiktionary.org/w/index.php?curid=33024,zorro
https://es.wiktionary.org/w/index.php?curid=26164,zurda
https://es.wiktionary.org/w/index.php?curid=264494,zurro
https://es.wiktionary.org/w/index.php?curid=69007,Ébola
https://es.wiktionary.org/w/index.php?curid=939443,ñames
https://es.wiktionary.org/w/index.php?curid=553197,ñatas
https://es.wiktionary.org/w/index.php?curid=496791,ñatos
https://es.wiktionary.org/w/index.php?curid=920152,ñutas
https://es.wiktionary.org/w/index.php?curid=826223,ñutos
